,Framework,Lat_Var_Sum_X,Lat_Var_Sum_Y,Lat_Var_Max_X,Lat_Var_Max_Y,Lat_Var_Avg_X,Lat_Var_Avg_Y
0,EDI,3.174449920654297,-3.4842612743377686,1.1921426057815552,-0.07528850436210632,0.6348899602890015,-0.6968522667884827
1,JBW,1.0585228204727173,-2.3266873359680176,0.6386613845825195,1.0701481103897095,0.17642046511173248,-0.3877812325954437
2,NPO,1.485698938369751,-2.4693570137023926,0.6986619234085083,0.9744726419448853,0.2476164847612381,-0.41155949234962463
3,ABW,-6.07630729675293,-5.299798965454102,0.44065049290657043,-0.1573864072561264,-0.7595384120941162,-0.6624748706817627
4,BCT,-6.092883110046387,-5.500155448913574,0.4148474335670471,-0.21706782281398773,-0.7616103887557983,-0.6875194311141968
5,DFT,-6.069783687591553,-5.414384841918945,0.43026629090309143,-0.19036118686199188,-0.7587229609489441,-0.6767981052398682
6,OSO,-2.5290424823760986,-1.2338125705718994,1.077628493309021,0.5474525690078735,-0.28100472688674927,-0.1370902806520462
7,NAB,-4.983245372772217,-3.249666690826416,0.25695011019706726,1.1318955421447754,-0.49832454323768616,-0.3249666690826416
8,PTY,-5.202010631561279,-3.270193576812744,0.2808069586753845,1.1064281463623047,-0.5202010869979858,-0.3270193636417389
9,SBN,-4.972565650939941,-3.44460391998291,0.3394746482372284,1.0384275913238525,-0.4972565770149231,-0.3444603979587555
10,THO,-5.269865036010742,-3.565741777420044,0.2628908157348633,1.0161371231079102,-0.5269864797592163,-0.3565741777420044
11,ATT,-5.18073844909668,-5.697793960571289,1.0954082012176514,1.2863588333129883,-0.43172821402549744,-0.4748161733150482
12,BIK,-5.261377334594727,-5.4984941482543945,1.06459641456604,1.4882373809814453,-0.43844810128211975,-0.4582078456878662
13,CAN,-5.443305969238281,-5.547836780548096,1.038933515548706,1.3976136445999146,-0.45360884070396423,-0.4623197317123413
14,MVY,-5.2890520095825195,-5.671785831451416,1.0509487390518188,1.1943680047988892,-0.44075432419776917,-0.47264882922172546
15,NSI,-5.155823707580566,-5.412607669830322,1.1104588508605957,1.2831083536148071,-0.42965197563171387,-0.45105063915252686
16,SOD,-4.953408718109131,-4.970197677612305,1.155380129814148,1.4018642902374268,-0.41278406977653503,-0.4141831398010254
17,UOE,-5.180683135986328,-5.305309295654297,1.1018341779708862,1.3750779628753662,-0.43172359466552734,-0.4421091079711914
18,ETV,-2.386505365371704,-7.663282871246338,1.1440274715423584,0.7101951837539673,-0.1704646646976471,-0.547377347946167
19,SFE,-2.3568453788757324,-7.692662715911865,1.1586084365844727,0.6880363821983337,-0.1683460921049118,-0.549475908279419
20,ACO,-5.105551719665527,-0.5076349973678589,1.2166310548782349,1.3249377012252808,-0.31909698247909546,-0.03172718733549118
21,AFY,-4.672199249267578,0.07058155536651611,1.239983081817627,1.4828882217407227,-0.29201245307922363,0.004411347210407257
22,ATN,-4.838895797729492,-0.5752890110015869,1.1523679494857788,1.4548816680908203,-0.30243098735809326,-0.03595556318759918
23,BRE,-4.855776786804199,-0.3195514678955078,1.2169150114059448,1.4254246950149536,-0.30348604917526245,-0.01997196674346924
24,GIS,-4.596263885498047,-0.32999491691589355,1.1800131797790527,1.5381085872650146,-0.28726649284362793,-0.020624682307243347
25,JSN,-4.847597122192383,-0.2344576120376587,1.2091431617736816,1.4833531379699707,-0.3029748201370239,-0.014653600752353668
26,LTJ,-5.060853958129883,-0.5481705665588379,1.1739593744277954,1.4428237676620483,-0.3163033723831177,-0.03426066040992737
27,MON,-5.280612945556641,-0.5822116136550903,1.1629739999771118,1.3305245637893677,-0.33003830909729004,-0.036388225853443146
28,OWE,-4.81402063369751,-0.2388119101524353,1.1587238311767578,1.5195528268814087,-0.30087628960609436,-0.014925744384527206
29,YUG,-4.793511390686035,-0.41004252433776855,1.2115778923034668,1.405061960220337,-0.2995944619178772,-0.025627657771110535
30,VET,-7.634222984313965,-9.173725128173828,1.1674268245697021,0.8237582445144653,-0.4490719437599182,-0.5396308898925781
31,LOV,-3.3329567909240723,-0.26734304428100586,0.9026255011558533,1.1712746620178223,-0.18516427278518677,-0.014852391555905342
32,OFF,-3.3501229286193848,-0.7147295475006104,0.8941683769226074,1.0927029848098755,-0.18611794710159302,-0.03970719873905182
33,RRO,-3.34792423248291,-0.4770764708518982,0.896546483039856,1.1174390316009521,-0.18599578738212585,-0.02650424838066101
34,ASV,-3.146294593811035,-5.333800792694092,1.721118450164795,0.6912897825241089,-0.157314732670784,-0.26669004559516907
35,CSV,-3.0493907928466797,-5.382922172546387,1.791874885559082,0.6759554147720337,-0.15246954560279846,-0.2691461145877838
36,JOZ,-3.4297099113464355,-5.389953136444092,1.6745455265045166,0.7066614627838135,-0.17148549854755402,-0.26949766278266907
37,NAT,-3.4442665576934814,-5.443971157073975,1.7086535692214966,0.689860463142395,-0.1722133308649063,-0.27219855785369873
38,PWO,-3.124955654144287,-5.297418594360352,1.7217233180999756,0.6920355558395386,-0.15624777972698212,-0.26487094163894653
39,WEI,-3.2010879516601562,-5.275225639343262,1.6936042308807373,0.705528974533081,-0.16005440056324005,-0.2637612819671631
40,WEN,-2.937276840209961,-5.2254414558410645,1.819837212562561,0.7345501184463501,-0.14686384797096252,-0.2612720727920532
41,AFI,-1.5996034145355225,-6.923110008239746,1.354844570159912,1.0784711837768555,-0.0666501447558403,-0.28846290707588196
42,AHT,-0.4097745418548584,-5.647290229797363,1.5014559030532837,1.1217330694198608,-0.017073938623070717,-0.23530375957489014
43,ATS,-1.673956274986267,-6.980958461761475,1.355112075805664,0.9827252626419067,-0.0697481781244278,-0.290873259305954
44,ATV,-1.6390724182128906,-6.723684310913086,1.4366954565048218,0.9714885950088501,-0.06829468160867691,-0.2801535129547119
45,AWW,-1.1037497520446777,-6.4323344230651855,1.4111052751541138,1.037105917930603,-0.04598957300186157,-0.26801392436027527
46,BOF,-1.5527219772338867,-6.763091087341309,1.412533164024353,1.0502270460128784,-0.06469675153493881,-0.281795471906662
47,CAS,-0.7281274795532227,-6.146200656890869,1.5171922445297241,1.0808137655258179,-0.030338644981384277,-0.2560916841030121
48,CZP,-1.2232072353363037,-6.43505859375,1.439188838005066,1.056342601776123,-0.05096696689724922,-0.26812744140625
49,DAC,-1.1039953231811523,-6.234224319458008,1.4193089008331299,1.1595736742019653,-0.04599980637431145,-0.2597593367099762
50,EPI,-0.7900822162628174,-6.284527778625488,1.4619959592819214,1.0721838474273682,-0.03292009234428406,-0.2618553340435028
51,EWO,-1.0820937156677246,-6.50322961807251,1.4270269870758057,1.0559080839157104,-0.045087236911058426,-0.27096790075302124
52,GME,-2.0035436153411865,-7.235416412353516,1.3823810815811157,0.9808013439178467,-0.08348098397254944,-0.3014756739139557
53,ITW,-1.340862512588501,-6.810345649719238,1.4600164890289307,1.0408947467803955,-0.055869270116090775,-0.28376439213752747
54,JRY,-1.2440855503082275,-6.583827018737793,1.4728460311889648,1.1715575456619263,-0.05183689668774605,-0.2743261158466339
55,LAU,-1.612304449081421,-6.7964324951171875,1.3526668548583984,0.9913781881332397,-0.0671793520450592,-0.283184677362442
56,LIT,-0.9445101022720337,-6.380324363708496,1.4718918800354004,1.0881705284118652,-0.0393545888364315,-0.265846848487854
57,LOS,-0.3978586196899414,-6.363761901855469,1.563347339630127,1.068825364112854,-0.01657744310796261,-0.26515674591064453
58,LTA,-0.1970207691192627,-5.651058673858643,1.5856796503067017,1.138450026512146,-0.008209198713302612,-0.2354607731103897
59,MRT,-1.3777915239334106,-6.822066307067871,1.4108636379241943,0.9923034906387329,-0.05740797892212868,-0.28425276279449463
60,MTT,-0.7183657884597778,-6.069614410400391,1.4697980880737305,1.1220378875732422,-0.02993190847337246,-0.2529006004333496
61,PON,-1.1777030229568481,-6.422359943389893,1.4337483644485474,1.0863569974899292,-0.04907095804810524,-0.26759833097457886
62,PTT,-0.7915563583374023,-6.011853218078613,1.3977209329605103,1.1856439113616943,-0.0329815149307251,-0.2504938840866089
63,RTE,-1.1110317707061768,-6.535546779632568,1.4561516046524048,1.082666039466858,-0.0462929904460907,-0.2723144590854645
64,SOS,-1.356222152709961,-6.742771148681641,1.3990048170089722,1.0281929969787598,-0.05650925636291504,-0.28094878792762756
65,TON,-0.7728002071380615,-6.197543621063232,1.446552038192749,1.0557096004486084,-0.032200008630752563,-0.258230984210968
66,UOS,-1.4478819370269775,-6.617427825927734,1.4115679264068604,1.0500593185424805,-0.0603284128010273,-0.27572616934776306
67,BPH,-14.74736213684082,-8.057669639587402,1.038521647453308,2.2593815326690674,-0.5266914963722229,-0.28777390718460083
68,CHI,-14.65999984741211,-8.023113250732422,1.0357621908187866,2.239208459854126,-0.5235714316368103,-0.286539763212204
69,MTW,-14.820035934448242,-7.985489368438721,1.031203031539917,2.277348756790161,-0.5292869806289673,-0.2851960361003876
70,SSY,-14.446952819824219,-7.984131336212158,1.1062198877334595,2.2676470279693604,-0.5159626007080078,-0.2851475477218628
71,AFV,-5.316441535949707,-15.119606018066406,1.4271756410598755,0.8984338641166687,-0.17721471190452576,-0.5039868950843811
72,AFN,-6.43051815032959,-12.928098678588867,1.1378072500228882,1.3167589902877808,-0.20095369219779968,-0.4040030837059021
73,AFR,-6.262428283691406,-12.860742568969727,1.1840417385101318,1.2477413415908813,-0.19570088386535645,-0.40189820528030396
74,APC,-5.663177967071533,-12.72091007232666,1.2253484725952148,1.2904170751571655,-0.1769743114709854,-0.39752843976020813
75,APD,-6.056283473968506,-13.015073776245117,1.1488968133926392,1.2671712636947632,-0.1892588585615158,-0.4067210555076599
76,BEC,-5.792435169219971,-12.863370895385742,1.3448809385299683,1.2171887159347534,-0.18101359903812408,-0.40198034048080444
77,CFI,-6.0575761795043945,-12.841388702392578,1.1722480058670044,1.290832281112671,-0.18929925560951233,-0.40129339694976807
78,CGS,-6.479399681091309,-12.88294506072998,1.130597472190857,1.3028147220611572,-0.2024812400341034,-0.4025920331478119
79,GON,-5.853739261627197,-12.699714660644531,1.1645123958587646,1.3057432174682617,-0.18292935192584991,-0.3968660831451416
80,GOO,-5.815430164337158,-12.720352172851562,1.2118608951568604,1.2980135679244995,-0.1817321926355362,-0.39751100540161133
81,IFO,-5.996805667877197,-12.59904956817627,1.1714003086090088,1.2740380764007568,-0.18740017712116241,-0.3937202990055084
82,IFR,-5.947860240936279,-12.6019926071167,1.1718153953552246,1.355276346206665,-0.18587063252925873,-0.39381226897239685
83,JNT,-5.964903354644775,-12.94183349609375,1.1843104362487793,1.2756491899490356,-0.18640322983264923,-0.4044322967529297
84,MER,-5.991950035095215,-12.7838716506958,1.1909300088882446,1.264866590499878,-0.18724843859672546,-0.3994959890842438
85,OSI,-6.244044780731201,-12.7154541015625,1.21555757522583,1.2421023845672607,-0.19512639939785004,-0.3973579406738281
86,PAR,-6.558986663818359,-13.12013053894043,1.148383617401123,1.2846591472625732,-0.20496833324432373,-0.4100040793418884
87,PHI,-5.962315082550049,-12.847991943359375,1.2346817255020142,1.291593313217163,-0.18632234632968903,-0.40149974822998047
88,RTH,-5.839658737182617,-12.740748405456543,1.1746493577957153,1.3209643363952637,-0.1824893355369568,-0.39814838767051697
89,RWR,-5.651451587677002,-12.78237533569336,1.1800484657287598,1.3064451217651367,-0.1766078621149063,-0.3994492292404175
90,SAS,-5.580507278442383,-12.291128158569336,1.1941571235656738,1.4024713039398193,-0.17439085245132446,-0.38409775495529175
91,SFF,-5.833432197570801,-12.808258056640625,1.18495512008667,1.3130778074264526,-0.18229475617408752,-0.40025806427001953
92,SFN,-5.7290754318237305,-12.55166244506836,1.2219144105911255,1.334924340248108,-0.17903360724449158,-0.39223945140838623
93,SFO,-6.185400009155273,-12.862154960632324,1.1313378810882568,1.2562251091003418,-0.1932937502861023,-0.40194234251976013
94,STF,-5.7468366622924805,-12.820834159851074,1.2522740364074707,1.2805124521255493,-0.17958864569664001,-0.40065106749534607
95,ZON,-5.749265670776367,-12.89339542388916,1.2072416543960571,1.28029203414917,-0.17966455221176147,-0.40291860699653625
96,DOH,-5.754497528076172,-9.841750144958496,1.7673348188400269,1.8351457118988037,-0.16924992203712463,-0.28946325182914734
97,MEI,-4.993273735046387,-9.327192306518555,1.807389259338379,1.788771152496338,-0.1468609869480133,-0.27432918548583984
98,ATO,-6.666654586791992,-3.0020363330841064,1.5459530353546143,1.9535261392593384,-0.18518485128879547,-0.08338990062475204
99,CDO,-6.471421718597412,-2.1601157188415527,1.5616590976715088,2.0849108695983887,-0.17976170778274536,-0.060003213584423065
100,CGF,-6.280482769012451,-1.7165374755859375,1.5766198635101318,2.0587685108184814,-0.174457848072052,-0.047681596130132675
101,CHA,-6.492630958557129,-3.05428409576416,1.5691636800765991,2.0155506134033203,-0.18035085499286652,-0.08484122157096863
102,EAB,-6.677062034606934,-2.520413875579834,1.543336033821106,1.9824249744415283,-0.1854739487171173,-0.07001149654388428
103,ERI,-6.3996901512146,-2.2781002521514893,1.561445951461792,1.9810881614685059,-0.17776916921138763,-0.06328056007623672
104,FER,-6.541255950927734,-1.856042742729187,1.5547927618026733,2.1374311447143555,-0.18170155584812164,-0.05155674368143082
105,HEU,-6.422956466674805,-1.9643093347549438,1.5666589736938477,2.0383453369140625,-0.1784154623746872,-0.05456414818763733
106,LIO,-6.255382061004639,-1.9844863414764404,1.5862754583358765,2.0754637718200684,-0.17376060783863068,-0.05512462183833122
107,LTL,-6.317151069641113,-2.3658323287963867,1.5767523050308228,2.007812261581421,-0.17547641694545746,-0.06571756303310394
108,MAZ,-6.106249809265137,-2.0434584617614746,1.5793111324310303,2.026695728302002,-0.16961805522441864,-0.05676273629069328
109,MFS,-6.393853664398193,-1.8121284246444702,1.5722737312316895,2.011911153793335,-0.17760704457759857,-0.05033690109848976
110,NPT,-5.7843523025512695,-1.4612877368927002,1.6041923761367798,2.1330463886260986,-0.16067644953727722,-0.04059132561087608
111,PUN,-5.948395252227783,-1.6845203638076782,1.5980195999145508,2.053891181945801,-0.16523319482803345,-0.04679223150014877
112,RSN,-6.129978179931641,-1.6769930124282837,1.5638091564178467,2.0567424297332764,-0.1702771782875061,-0.0465831384062767
113,RUT,-6.534762382507324,-2.095026731491089,1.5484230518341064,1.9937093257904053,-0.18152117729187012,-0.05819518864154816
114,SZR,-6.470693588256836,-2.424283027648926,1.566066026687622,2.0204150676727295,-0.1797414869070053,-0.06734119355678558
115,VFI,-6.519136428833008,-2.5668585300445557,1.555503010749817,1.9844098091125488,-0.18108712136745453,-0.07130162417888641
116,VSV,-6.08447790145874,-1.882627010345459,1.5900229215621948,2.0946145057678223,-0.16901327669620514,-0.05229519307613373
117,AEL,-12.95311164855957,-4.923614501953125,1.000300407409668,2.090204954147339,-0.3238278031349182,-0.12309036403894424
118,AFO,-12.17629623413086,-5.056149482727051,1.0342005491256714,2.0798985958099365,-0.30440741777420044,-0.12640373408794403
119,AST,-12.221309661865234,-5.987587928771973,1.053351640701294,2.0087497234344482,-0.3055327534675598,-0.1496897041797638
120,PWW,-12.795356750488281,-5.423467636108398,1.0270304679870605,2.052673816680908,-0.31988391280174255,-0.1355866938829422
121,SOF,-12.934280395507812,-5.4661455154418945,1.0157146453857422,2.0409183502197266,-0.3233570158481598,-0.13665363192558289
122,UOZ,-12.692537307739258,-5.403661251068115,1.0226486921310425,2.025554656982422,-0.31731343269348145,-0.13509152829647064
123,USI,-12.665398597717285,-5.3346991539001465,1.0599045753479004,2.0658576488494873,-0.3166349530220032,-0.13336747884750366
124,AVL,-7.177069664001465,-12.221978187561035,1.4993743896484375,1.6976627111434937,-0.17088261246681213,-0.29099947214126587
125,MTF,-6.18625545501709,-2.6790902614593506,2.395343780517578,2.067612409591675,-0.14059671759605408,-0.06088841333985329
126,ITT,-13.301225662231445,-1.0247373580932617,1.4918057918548584,1.1177819967269897,-0.28915709257125854,-0.022276898846030235
127,MEP,-13.53736686706543,-1.0667155981063843,1.4606019258499146,1.1140609979629517,-0.29429057240486145,-0.023189470171928406
128,AEI,-11.312499046325684,-0.914625883102417,1.5789802074432373,1.5119655132293701,-0.2356770634651184,-0.019054705277085304
129,AEN,-10.633659362792969,-0.5227141380310059,1.63994300365448,1.5386240482330322,-0.22153456509113312,-0.010889877565205097
130,AFG,-10.749363899230957,-0.700745701789856,1.6171519756317139,1.5169572830200195,-0.22394508123397827,-0.014598868787288666
131,AFX,-11.492744445800781,-0.8878377676010132,1.5796159505844116,1.5463263988494873,-0.2394321709871292,-0.018496619537472725
132,ANA,-10.963181495666504,0.09010529518127441,1.6305524110794067,1.5679453611373901,-0.2283996194601059,0.001877193688414991
133,AWO,-11.385744094848633,-0.7815796136856079,1.6409149169921875,1.5390093326568604,-0.23720300197601318,-0.016282908618450165
134,ESV,-10.375115394592285,-0.37218666076660156,1.676135540008545,1.5558745861053467,-0.216148242354393,-0.007753888610750437
135,ETR,-11.120956420898438,-0.5154995918273926,1.6308156251907349,1.5474766492843628,-0.23168659210205078,-0.010739575140178204
136,EZT,-11.083267211914062,-0.5429655313491821,1.6013679504394531,1.5689642429351807,-0.23090140521526337,-0.011311781592667103
137,IFY,-10.838916778564453,-0.36415529251098633,1.6598626375198364,1.568257451057434,-0.22581076622009277,-0.007586568593978882
138,JST,-11.345568656921387,-0.7097909450531006,1.6123037338256836,1.5345782041549683,-0.23636601865291595,-0.014787311665713787
139,JSW,-11.0028076171875,-0.492526650428772,1.6467647552490234,1.5472151041030884,-0.22922515869140625,-0.010260972194373608
140,MOR,-10.435104370117188,-0.27708518505096436,1.6596840620040894,1.5624756813049316,-0.217398002743721,-0.005772607866674662
141,MRE,-11.81115436553955,-1.0618516206741333,1.577821969985962,1.5063579082489014,-0.24606572091579437,-0.022121908143162727
142,PTO,-10.844625473022461,-0.629806637763977,1.6291921138763428,1.5391889810562134,-0.22592969238758087,-0.013120971620082855
143,RHO,-11.325014114379883,-0.8769439458847046,1.608991265296936,1.529037594795227,-0.23593778908252716,-0.01826966553926468
144,RWY,-10.545766830444336,0.3484516143798828,1.7219232320785522,1.6374082565307617,-0.21970348060131073,0.007259408477693796
145,SAV,-11.410118103027344,-0.7929664850234985,1.6272035837173462,1.5789518356323242,-0.23771078884601593,-0.01652013510465622
146,SOR,-11.328336715698242,-0.6022993326187134,1.6187050342559814,1.547348976135254,-0.23600701987743378,-0.012547902762889862
147,UEI,-11.447935104370117,-0.7718558311462402,1.5553765296936035,1.486695647239685,-0.23849864304065704,-0.016080329194664955
148,IRR,-3.137187957763672,-7.735306739807129,1.6850781440734863,1.5706510543823242,-0.06033053621649742,-0.14875589311122894
149,ITN,-11.678540229797363,-15.243891716003418,1.4154586791992188,1.9985079765319824,-0.21626926958560944,-0.28229430317878723
150,LEV,-12.050488471984863,-15.360774993896484,1.3655726909637451,1.998876929283142,-0.22315719723701477,-0.28445878624916077
151,SSF,-11.839340209960938,-15.301876068115234,1.3886604309082031,1.9896925687789917,-0.21924704313278198,-0.2833680808544159
152,AFS,4.208823204040527,-10.198817253112793,2.1866402626037598,1.628203272819519,0.07515756040811539,-0.18212173879146576
153,CON,4.249472141265869,-10.043693542480469,2.183201789855957,1.6686898469924927,0.07588343322277069,-0.17935167253017426
154,ITG,4.184383869171143,-10.035634994506836,2.203671455383301,1.6659080982208252,0.07472114264965057,-0.17920777201652527
155,ITH,4.327515602111816,-9.883587837219238,2.2629892826080322,1.6732336282730103,0.07727706432342529,-0.17649264633655548
156,IWR,4.153553009033203,-9.984379768371582,2.1552834510803223,1.6648831367492676,0.07417058944702148,-0.17829249799251556
157,RON,5.17691707611084,-9.640348434448242,2.2107696533203125,1.6589980125427246,0.09244494885206223,-0.17214907705783844
158,SAO,3.8769562244415283,-10.154709815979004,2.1811060905456543,1.6552437543869019,0.06923136115074158,-0.18133410811424255
159,SFS,4.300400733947754,-10.225486755371094,2.200019359588623,1.6180753707885742,0.076792873442173,-0.18259797990322113
160,SVV,5.330065727233887,-9.747352600097656,2.216191530227661,1.6239349842071533,0.09517974406480789,-0.17405986785888672
161,EON,-0.6515674591064453,-9.923478126525879,2.087571859359741,1.9205293655395508,-0.010859457775950432,-0.16539129614830017
162,FRA,-0.567110538482666,-9.738715171813965,2.0959670543670654,1.9470603466033936,-0.009451841935515404,-0.16231192648410797
163,PCR,-0.7885036468505859,-10.139787673950195,2.075185537338257,1.910827398300171,-0.013141727074980736,-0.16899646818637848
164,STW,-0.7459983825683594,-10.087505340576172,2.067756414413452,1.9123464822769165,-0.012433306314051151,-0.16812509298324585
165,UWY,-0.8904900550842285,-9.845142364501953,2.0538828372955322,1.9452654123306274,-0.014841500669717789,-0.16408570110797882
166,VNI,-0.6487472057342529,-10.013402938842773,2.0884392261505127,1.9067230224609375,-0.010812452994287014,-0.16689005494117737
167,BEA,-7.484336853027344,-8.301663398742676,1.9276971817016602,2.376971483230591,-0.11694276332855225,-0.1297134906053543
168,DON,-7.9168853759765625,-8.419103622436523,1.8563289642333984,2.3548238277435303,-0.12370133399963379,-0.13154849410057068
169,IFW,-8.436430931091309,-8.257089614868164,1.8268345594406128,2.3865959644317627,-0.1318192332983017,-0.12901702523231506
170,ISV,-7.902582168579102,-8.348007202148438,1.8249638080596924,2.3473281860351562,-0.12347784638404846,-0.13043761253356934
171,ITE,-8.399446487426758,-8.398836135864258,1.7947542667388916,2.3589227199554443,-0.1312413513660431,-0.13123181462287903
172,PCS,-7.200679779052734,-8.146537780761719,1.958134651184082,2.3674190044403076,-0.11251062154769897,-0.12728965282440186
173,POR,-8.857717514038086,-8.31161880493164,1.8255289793014526,2.3830995559692383,-0.1384018361568451,-0.12986904382705688
174,POS,-7.298214912414551,-8.260244369506836,1.8018884658813477,2.3558313846588135,-0.11403460800647736,-0.1290663182735443
175,SAF,-7.450599670410156,-8.408576965332031,1.8357003927230835,2.3757364749908447,-0.11641561985015869,-0.131384015083313
176,SFH,-7.286901473999023,-8.098868370056152,1.8819694519042969,2.38095760345459,-0.11385783553123474,-0.12654481828212738
177,SGT,-9.01972770690918,-8.347952842712402,1.819069504737854,2.351080894470215,-0.14093324542045593,-0.1304367631673813
178,SIV,-7.256654739379883,-8.216577529907227,1.8479328155517578,2.386080265045166,-0.11338523030281067,-0.12838402390480042
179,STT,-8.077271461486816,-8.284622192382812,1.8488167524337769,2.3683817386627197,-0.1262073665857315,-0.12944722175598145
180,UFI,-7.9912109375,-8.43925952911377,1.9322603940963745,2.3940224647521973,-0.1248626708984375,-0.13186343014240265
181,SEW,-6.367715358734131,-9.369976997375488,1.6403398513793945,1.6962370872497559,-0.09648053348064423,-0.14196935296058655
182,OKO,-19.470802307128906,-15.38345718383789,1.4513130187988281,2.50213885307312,-0.2863353192806244,-0.2262273132801056
183,EWT,-12.677813529968262,-5.504556655883789,1.5491658449172974,1.756260633468628,-0.18111161887645721,-0.0786365270614624
184,AET,3.955249786376953,-2.3391129970550537,2.2806451320648193,1.6700279712677002,0.054934024810791016,-0.03248767927289009
185,AFT,2.587869167327881,-1.624157428741455,2.241023302078247,1.7034051418304443,0.03594262897968292,-0.02255774289369583
186,MAR,4.610141277313232,-0.5943078994750977,2.296535015106201,1.728568196296692,0.0640297383069992,-0.00825427658855915
187,MWW,4.437655448913574,-0.9293785095214844,2.300339937210083,1.734085202217102,0.06163410469889641,-0.012908034957945347
188,SAT,3.0591557025909424,-1.5217161178588867,2.2451722621917725,1.7174023389816284,0.04248827323317528,-0.02113494649529457
189,STI,4.307133674621582,-0.9816346168518066,2.280975580215454,1.7290396690368652,0.05982130020856857,-0.013633813709020615
190,SWY,3.3989651203155518,-1.326390266418457,2.238602638244629,1.7246075868606567,0.047207847237586975,-0.018422087654471397
191,TOL,4.002517223358154,-0.8575677871704102,2.2263126373291016,1.726527214050293,0.055590517818927765,-0.011910663917660713
192,SFG,-6.441317081451416,-22.094955444335938,2.4574410915374756,2.160688877105713,-0.08704482764005661,-0.29858046770095825
193,IRY,-4.928934097290039,-5.95424222946167,2.378981590270996,1.9087097644805908,-0.06485439836978912,-0.07834529131650925
194,OBW,-4.950995922088623,-6.003839492797852,2.394638776779175,1.8967636823654175,-0.06514468044042587,-0.0789978876709938
195,UTL,-4.885905742645264,-6.142757415771484,2.411968231201172,1.8988966941833496,-0.06428823620080948,-0.08082575350999832
196,SSO,-22.799108505249023,-11.582054138183594,2.3864710330963135,1.8388094902038574,-0.2849888503551483,-0.14477567374706268
197,TER,-22.93206214904785,-11.938754081726074,2.412674903869629,1.8203400373458862,-0.28665077686309814,-0.14923442900180817
198,FAR,-19.873130798339844,-7.793549537658691,1.7298781871795654,2.6248512268066406,-0.2365848869085312,-0.09278035163879395
199,NON,-8.690975189208984,-16.56123161315918,2.0353147983551025,2.543808937072754,-0.09876108169555664,-0.18819580972194672
200,MSO,-22.461645126342773,-12.612899780273438,1.6619517803192139,1.9774999618530273,-0.24957384169101715,-0.14014333486557007
201,BOZ,-18.834627151489258,-17.489717483520508,1.7773667573928833,2.4129247665405273,-0.20472420752048492,-0.1901056319475174
202,IRN,-18.84930419921875,-17.50227165222168,1.7877870798110962,2.390063762664795,-0.20488373935222626,-0.19024208188056946
203,SVR,-18.779016494750977,-17.186344146728516,1.7567709684371948,2.454195976257324,-0.2041197419166565,-0.18680809438228607
204,BOG,-26.74063491821289,-11.79485034942627,1.5450927019119263,1.5446308851242065,-0.2785482704639435,-0.12286302447319031
205,BSV,-26.988101959228516,-12.55312728881836,1.5340036153793335,1.4926506280899048,-0.2811260521411896,-0.1307617425918579
206,EMT,-27.230560302734375,-12.884857177734375,1.5269948244094849,1.483963131904602,-0.2836516797542572,-0.1342172622680664
207,EWS,-26.21099090576172,-11.659402847290039,1.5543001890182495,1.5265071392059326,-0.2730311453342438,-0.12145211547613144
208,GIU,-25.957304000854492,-12.07396125793457,1.5550587177276611,1.517090916633606,-0.27038857340812683,-0.1257704347372055
209,JSR,-26.879356384277344,-10.463173866271973,1.542015552520752,1.5406219959259033,-0.27999329566955566,-0.10899139195680618
210,KFI,-27.26308822631836,-13.022141456604004,1.465962290763855,1.4790570735931396,-0.2839905023574829,-0.13564731180667877
211,MEL,-26.38887596130371,-11.607657432556152,1.5539523363113403,1.5200598239898682,-0.2748841345310211,-0.12091309577226639
212,MFI,-26.377363204956055,-11.70103645324707,1.5502320528030396,1.5106470584869385,-0.27476420998573303,-0.12188579887151718
213,SBS,-26.505943298339844,-11.812009811401367,1.534389615058899,1.5304372310638428,-0.27610358595848083,-0.12304177135229111
214,LTF,-31.548660278320312,-24.13094711303711,1.4281587600708008,2.779898166656494,-0.29211723804473877,-0.2234347015619278
215,MOZ,-31.515520095825195,-24.003662109375,1.431533932685852,2.7915217876434326,-0.29181036353111267,-0.2222561240196228
216,SFW,-32.59706497192383,-26.3763427734375,1.4179656505584717,2.6574976444244385,-0.301824688911438,-0.2442253977060318
217,EUO,-34.555355072021484,-4.2928361892700195,1.1817593574523926,2.433957576751709,-0.30852994322776794,-0.03832889348268509
218,IHW,-35.041568756103516,-4.729482650756836,1.1868343353271484,2.41902232170105,-0.31287115812301636,-0.042227525264024734
219,ITR,-34.8264045715332,-4.200837135314941,1.188601016998291,2.4602088928222656,-0.31095004081726074,-0.037507474422454834
220,IWW,-34.35394287109375,-4.210249423980713,1.232469081878662,2.434055805206299,-0.306731641292572,-0.037591513246297836
221,MSE,-34.83087921142578,-4.609914302825928,1.2556394338607788,2.4410605430603027,-0.31099000573158264,-0.04115995019674301
222,STO,-36.236629486083984,-5.25740909576416,1.169093132019043,2.419887065887451,-0.3235413432121277,-0.04694115370512009
223,DDR,-18.1265926361084,-11.341358184814453,2.2104361057281494,2.1539697647094727,-0.15105493366718292,-0.09451131522655487
224,YFI,-18.447771072387695,-11.02120590209961,2.254668951034546,2.1799066066741943,-0.15373142063617706,-0.091843381524086
225,CTH,-4.034638404846191,-3.3710503578186035,2.2993359565734863,2.329888343811035,-0.03152061253786087,-0.02633633092045784
226,IFU,-4.193362236022949,-4.2142415046691895,2.302208662033081,2.183239459991455,-0.03276064246892929,-0.03292376175522804
227,SBE,-4.811965465545654,-5.496376991271973,2.3415379524230957,2.321873426437378,-0.037593480199575424,-0.042940445244312286
228,SOV,-3.8266799449920654,-3.1329469680786133,2.3193416595458984,2.3024048805236816,-0.02989593707025051,-0.024476148188114166
229,SYT,-4.044858932495117,-3.770425319671631,2.3139610290527344,2.219003677368164,-0.0316004604101181,-0.029456447809934616
230,DFO,-8.778802871704102,-34.54787063598633,1.9103456735610962,1.8794715404510498,-0.06650608032941818,-0.2617262899875641
231,IWS,-11.244083404541016,-40.0381965637207,2.260531425476074,2.2921316623687744,-0.08267708122730255,-0.2943985164165497
232,MTN,-12.515798568725586,-40.97407150268555,2.2510313987731934,2.2521443367004395,-0.0920279324054718,-0.3012799322605133
233,NES,-12.303752899169922,-40.289669036865234,2.2426867485046387,2.2925336360931396,-0.09046877175569534,-0.29624757170677185
234,SVY,-25.002277374267578,-11.665818214416504,2.502511501312256,2.0569722652435303,-0.1760723739862442,-0.08215364813804626
235,AVE,-7.355302333831787,-22.289485931396484,2.5450751781463623,2.633854627609253,-0.05107848718762398,-0.1547880917787552
236,PSI,-7.730658054351807,-21.857696533203125,2.5034584999084473,2.550999641418457,-0.05368512496352196,-0.1517895609140396
237,SBT,-8.076473236083984,-22.212759017944336,2.4817001819610596,2.6151771545410156,-0.056086618453264236,-0.15425527095794678
238,IFT,-26.907079696655273,-37.678245544433594,2.7028894424438477,2.1615800857543945,-0.17702026665210724,-0.24788320064544678
239,IWV,-26.91082000732422,-38.23377227783203,2.6704509258270264,2.154585361480713,-0.17704486846923828,-0.2515379786491394
240,UOV,-25.176183700561523,-44.942283630371094,1.5826406478881836,2.0260491371154785,-0.14304649829864502,-0.2553538978099823
241,CLO,-37.79655075073242,-26.508581161499023,1.9435417652130127,2.039041519165039,-0.1968570351600647,-0.13806553184986115
242,FAU,-37.90869140625,-27.65642547607422,1.9488654136657715,2.00350284576416,-0.19744110107421875,-0.14404387772083282
243,ITV,-35.438201904296875,-24.750102996826172,1.9531806707382202,2.0628859996795654,-0.1845739632844925,-0.12890678644180298
244,TUN,-37.39018249511719,-26.71843719482422,1.9548977613449097,2.0291059017181396,-0.19474053382873535,-0.13915853202342987
245,EEI,-41.33675765991211,-46.6893424987793,1.7699251174926758,2.1626803874969482,-0.20668378472328186,-0.23344671726226807
246,PWN,-25.318870544433594,-34.73356628417969,2.274019479751587,2.09212327003479,-0.10549529641866684,-0.14472319185733795
247,IMF,-48.794578552246094,-44.69371795654297,1.9011785984039307,2.138448715209961,-0.1694256216287613,-0.1551865190267563
248,TSC,-40.68822479248047,-31.280012130737305,2.70940899848938,2.237884998321533,-0.10595891624689102,-0.08145836740732193
249,JZO,-80.41058349609375,-93.40975952148438,2.518070936203003,2.7851028442382812,-0.1288631111383438,-0.14969512820243835
250,PAU,-136.35479736328125,-110.1207046508789,2.1091108322143555,2.4465150833129883,-0.20290891826152802,-0.16387009620666504
251,LTN,-114.4304428100586,-105.45579528808594,3.058025598526001,2.618203639984131,-0.1489979773759842,-0.13731223344802856
252,SFV,-171.99795532226562,-133.56781005859375,2.434758424758911,2.4862112998962402,-0.21938514709472656,-0.17036710679531097
253,MWF,-229.15493774414062,-221.77503967285156,3.4076085090637207,2.6404519081115723,-0.1591353714466095,-0.15401044487953186
